Hypothesis,Sample Size (N),Horizon (H),Signal Mean (%),Baseline Mean (%),Excess Alpha (%),Median (%),Win Rate (%),t-stat,p-value (t-test),p-value (Mann-Whitney),Significant (p<0.05)
Factor 1: OI Delta Q1 (Heavy Flush <-1%),148,1h,-0.04%,+0.01%,-0.05%,-0.05%,47.3%,-1.18,0.2408,0.1582,[NO]
Factor 1: OI Delta Q1 (Heavy Flush <-1%),147,4h,-0.08%,+0.03%,-0.12%,-0.05%,46.9%,-1.38,0.1697,0.0666,[NO]
Factor 1: OI Delta Q1 (Heavy Flush <-1%),146,12h,-0.14%,+0.12%,-0.25%,-0.12%,43.2%,-2.11,0.0364,0.0199,[YES]
Factor 1: OI Delta Q1 (Heavy Flush <-1%),146,24h,-0.03%,+0.28%,-0.31%,-0.14%,45.9%,-1.68,0.0942,0.0594,[NO]
Factor 1: OI Delta Q1 (Heavy Flush <-1%),145,48h,-0.14%,+0.57%,-0.71%,-0.58%,36.6%,-3.20,0.0016,0.0029,[YES]
Factor 1: OI Delta Q5 (Aggressive Build >+1%),147,1h,+0.04%,+0.01%,+0.04%,+0.02%,46.9%,+1.00,0.3208,0.4526,[NO]
Factor 1: OI Delta Q5 (Aggressive Build >+1%),147,4h,+0.16%,+0.03%,+0.13%,+0.09%,37.4%,+1.94,0.0537,0.0174,[YES]
Factor 1: OI Delta Q5 (Aggressive Build >+1%),147,12h,+0.25%,+0.12%,+0.13%,+0.04%,49.0%,+0.97,0.3354,0.6416,[NO]
Factor 1: OI Delta Q5 (Aggressive Build >+1%),143,24h,+0.23%,+0.28%,-0.05%,+0.17%,44.8%,-0.30,0.7674,0.6102,[NO]
Factor 1: OI Delta Q5 (Aggressive Build >+1%),143,48h,+0.90%,+0.57%,+0.33%,+0.16%,45.5%,+1.32,0.1897,0.1032,[NO]
Factor 2: Funding Discount/Negative (Short Crowding),162,1h,-0.02%,+0.01%,-0.03%,+0.00%,51.2%,-1.23,0.2180,0.6966,[NO]
Factor 2: Funding Discount/Negative (Short Crowding),159,4h,-0.10%,+0.03%,-0.13%,-0.03%,47.2%,-2.90,0.0040,0.0458,[YES]
Factor 2: Funding Discount/Negative (Short Crowding),151,12h,-0.28%,+0.12%,-0.39%,-0.07%,44.4%,-4.86,0.0000,0.0029,[YES]
Factor 2: Funding Discount/Negative (Short Crowding),144,24h,-0.46%,+0.28%,-0.74%,-0.25%,42.4%,-6.35,0.0000,0.0005,[YES]
Factor 2: Funding Discount/Negative (Short Crowding),131,48h,-0.53%,+0.57%,-1.09%,-0.58%,26.0%,-6.27,0.0000,0.0001,[YES]
Factor 2: Funding Overheated (Top 20% Long Premium),153,1h,+0.01%,+0.01%,-0.00%,+0.04%,40.5%,-0.02,0.9857,0.4209,[NO]
Factor 2: Funding Overheated (Top 20% Long Premium),153,4h,-0.02%,+0.03%,-0.05%,+0.05%,44.4%,-0.87,0.3848,0.9319,[NO]
Factor 2: Funding Overheated (Top 20% Long Premium),153,12h,-0.13%,+0.12%,-0.24%,+0.05%,49.0%,-2.52,0.0123,0.3585,[YES]
Factor 2: Funding Overheated (Top 20% Long Premium),153,24h,-0.07%,+0.28%,-0.35%,-0.21%,56.2%,-2.10,0.0367,0.0606,[YES]
Factor 2: Funding Overheated (Top 20% Long Premium),153,48h,+1.07%,+0.57%,+0.50%,+0.26%,47.7%,+1.76,0.0795,0.2930,[NO]
Factor 3: Top Trader Extreme Short Skew (<20th pct),148,1h,-0.01%,+0.01%,-0.01%,+0.01%,52.0%,-0.32,0.7466,0.8353,[NO]
Factor 3: Top Trader Extreme Short Skew (<20th pct),148,4h,-0.03%,+0.03%,-0.06%,+0.02%,52.0%,-0.72,0.4746,0.5711,[NO]
Factor 3: Top Trader Extreme Short Skew (<20th pct),148,12h,-0.23%,+0.12%,-0.35%,-0.30%,40.5%,-2.42,0.0163,0.0002,[YES]
Factor 3: Top Trader Extreme Short Skew (<20th pct),148,24h,-0.54%,+0.28%,-0.82%,-0.97%,31.8%,-4.68,0.0000,0.0000,[YES]
Factor 3: Top Trader Extreme Short Skew (<20th pct),148,48h,+0.16%,+0.57%,-0.40%,-1.25%,35.8%,-1.45,0.1480,0.0002,[YES]
Factor 3: Top Trader Extreme Long Skew (>80th pct),148,1h,+0.01%,+0.01%,+0.01%,-0.00%,50.0%,+0.18,0.8549,0.8900,[NO]
Factor 3: Top Trader Extreme Long Skew (>80th pct),148,4h,+0.03%,+0.03%,-0.00%,+0.05%,43.2%,-0.03,0.9752,0.8347,[NO]
Factor 3: Top Trader Extreme Long Skew (>80th pct),148,12h,+0.14%,+0.12%,+0.02%,+0.11%,40.5%,+0.21,0.8313,0.0979,[NO]
Factor 3: Top Trader Extreme Long Skew (>80th pct),148,24h,+0.41%,+0.28%,+0.13%,+0.38%,33.1%,+1.13,0.2599,0.0019,[YES]
Factor 3: Top Trader Extreme Long Skew (>80th pct),148,48h,+1.15%,+0.57%,+0.59%,+0.47%,34.5%,+2.43,0.0161,0.0006,[YES]
H1: Short Squeeze Setup (Rising OI + Short Skew + Price Up),28,1h,+0.21%,+0.01%,+0.20%,+0.11%,67.9%,+1.77,0.0877,0.0357,[YES]
H1: Short Squeeze Setup (Rising OI + Short Skew + Price Up),28,4h,+0.87%,+0.03%,+0.84%,+0.60%,85.7%,+3.84,0.0007,0.0000,[YES]
H1: Short Squeeze Setup (Rising OI + Short Skew + Price Up),28,12h,+1.41%,+0.12%,+1.30%,+0.28%,67.9%,+2.86,0.0080,0.0164,[YES]
H1: Short Squeeze Setup (Rising OI + Short Skew + Price Up),28,24h,+0.94%,+0.28%,+0.66%,+0.70%,64.3%,+1.33,0.1949,0.1545,[NO]
H1: Short Squeeze Setup (Rising OI + Short Skew + Price Up),28,48h,+0.99%,+0.57%,+0.42%,+0.22%,57.1%,+0.71,0.4835,0.7292,[NO]
H2: Long Squeeze Setup (Long Crowding + Price Breakdown),57,1h,+0.05%,+0.01%,+0.04%,-0.00%,50.9%,+0.67,0.5025,0.5276,[NO]
H2: Long Squeeze Setup (Long Crowding + Price Breakdown),57,4h,+0.19%,+0.03%,+0.16%,+0.18%,38.6%,+1.45,0.1519,0.1008,[NO]
H2: Long Squeeze Setup (Long Crowding + Price Breakdown),57,12h,+0.25%,+0.12%,+0.13%,+0.21%,35.1%,+0.84,0.4044,0.0807,[NO]
H2: Long Squeeze Setup (Long Crowding + Price Breakdown),57,24h,+0.82%,+0.28%,+0.54%,+0.32%,43.9%,+1.89,0.0638,0.0560,[NO]
H2: Long Squeeze Setup (Long Crowding + Price Breakdown),57,48h,+0.73%,+0.57%,+0.17%,+0.07%,49.1%,+0.46,0.6461,0.5502,[NO]
H3: Post-Flush Mean Reversion (OI Drop < -1.2% + Selloff),9,1h,-0.02%,+0.01%,-0.03%,+0.05%,66.7%,-0.16,0.8803,0.7113,[NO]
H3: Post-Flush Mean Reversion (OI Drop < -1.2% + Selloff),9,4h,+0.11%,+0.03%,+0.08%,+0.12%,77.8%,+0.42,0.6827,0.3522,[NO]
H3: Post-Flush Mean Reversion (OI Drop < -1.2% + Selloff),9,12h,-0.05%,+0.12%,-0.16%,-0.00%,44.4%,-0.88,0.3998,0.8402,[NO]
H3: Post-Flush Mean Reversion (OI Drop < -1.2% + Selloff),9,24h,+0.18%,+0.28%,-0.10%,+0.29%,66.7%,-0.50,0.6249,0.6229,[NO]
H3: Post-Flush Mean Reversion (OI Drop < -1.2% + Selloff),9,48h,+0.14%,+0.57%,-0.42%,+0.37%,55.6%,-2.13,0.0500,0.5949,[YES]
H4: Macro Short Liquidation Sweep (Coinglass Model),32,1h,+0.01%,+0.00%,+0.00%,-0.16%,46.9%,+0.01,0.9939,0.4650,[NO]
H4: Macro Short Liquidation Sweep (Coinglass Model),32,4h,+0.05%,+0.02%,+0.03%,+0.10%,53.1%,+0.06,0.9487,0.5691,[NO]
H4: Macro Short Liquidation Sweep (Coinglass Model),32,12h,-0.00%,+0.06%,-0.06%,+0.42%,53.1%,-0.13,0.9009,0.9315,[NO]
H4: Macro Short Liquidation Sweep (Coinglass Model),32,24h,-0.59%,+0.11%,-0.70%,-0.57%,43.8%,-1.28,0.2104,0.1719,[NO]
H4: Macro Short Liquidation Sweep (Coinglass Model),32,48h,-0.05%,+0.21%,-0.27%,+0.13%,53.1%,-0.33,0.7464,0.6956,[NO]
H5: Macro Long Liquidation Sweep & Absorption (Coinglass Model),79,1h,+0.05%,+0.00%,+0.04%,+0.08%,53.2%,+0.30,0.7634,0.9056,[NO]
H5: Macro Long Liquidation Sweep & Absorption (Coinglass Model),79,4h,+0.20%,+0.02%,+0.18%,+0.27%,58.2%,+0.86,0.3914,0.2257,[NO]
H5: Macro Long Liquidation Sweep & Absorption (Coinglass Model),79,12h,+0.68%,+0.06%,+0.63%,+0.40%,58.2%,+1.80,0.0753,0.0389,[YES]
H5: Macro Long Liquidation Sweep & Absorption (Coinglass Model),79,24h,+1.25%,+0.11%,+1.14%,+0.53%,59.5%,+3.00,0.0036,0.0160,[YES]
H5: Macro Long Liquidation Sweep & Absorption (Coinglass Model),79,48h,+1.45%,+0.21%,+1.23%,+1.16%,64.6%,+2.22,0.0296,0.0022,[YES]
